Workbook

Sheet Tổng quan
A1: TỔNG QUAN 3 SPRINT
A3: Đề tài Quản trị kinh doanh · 7 thành viên · mỗi sprint 2 tuần · Sprint 1 bắt đầu 25/10/2026 · tuần 1 của Sprint 1
A5: 1. LỊCH SPRINT VÀ KẾT QUẢ CẦN ĐẠT
A6: Sprint | B6: Tuần | C6: Bắt đầu | D6: Kết thúc | E6: Mục tiêu sprint | F6: Đạt được cuối sprint (MVP chạy được: DB → BE → FE) | G6: Số US | H6: Số task | I6: Giờ ước tính
A7: Sprint 01 | B7: 5 – 6 | C7: 25/10/2026 | D7: 07/11/2026 | E7: Khởi tạo hồ sơ & phê duyệt hợp đồng: hoàn thiện US/AC, đặc tả hệ thống, UI, ERD, khung dự án; code nền tảng (đăng nhập, phân quyền, audit log, danh mục) + Khách hàng + Khu vực + Hợp đồng nháp + Workflow engine cấu hình được. | F7: MVP1 (demo 7/11): tạo user 6 phòng ban → cấu hình quy trình HĐ (TP KD → Pháp chế → BGĐ) → tạo khách hàng, khu vực 3 cấp → tạo HĐ nháp kèm file → trình duyệt → Pháp chế yêu cầu sửa → sửa, trình lại → BGĐ duyệt → HĐ Approved. Xem được tiến độ, lịch sử duyệt, audit log; người không được giao không duyệt được; bấm Submit 2 lần chỉ tạo 1 lượt duyệt. | G7: =COUNTIFS('Product Backlog'!H:H,"Sprint 01",'Product Backlog'!I:I,"US-*") -> 27 | H7: =COUNTIF('Sprint Backlog'!B:B,"Sprint 01") -> 67 | I7: =SUMIF('Sprint Backlog'!B:B,"Sprint 01",'Sprint Backlog'!F:F) -> 250
A8: Sprint 02 | B8: 7 – 8 | C8: 08/11/2026 | D8: 21/11/2026 | E8: Bảng giá & sản lượng có hiệu lực: phụ lục HĐ, rút/hủy hồ sơ, chuyển người duyệt, thông báo (Outbox), job theo ngày, báo giá → bảng giá có phiên bản, vận hành khu vực, người liên hệ, ghi nhận & khóa kỳ sản lượng. | F8: MVP2 (demo 21/11): HĐ tự Active khi đến ngày → phụ lục được duyệt → báo giá, KH xác nhận → bảng giá duyệt 2 cấp → Effective; tạo phiên bản mới thì bản cũ Superseded, chồng thời gian bị chặn → phân công NV Khai thác → ghi nhận, điều chỉnh, khóa kỳ sản lượng. Có thông báo ở từng bước. Có đủ đầu vào (bảng giá Effective + sản lượng đã khóa) để lập thanh toán. | G8: =COUNTIFS('Product Backlog'!H:H,"Sprint 02",'Product Backlog'!I:I,"US-*") -> 42 | H8: =COUNTIF('Sprint Backlog'!B:B,"Sprint 02") -> 63 | I8: =SUMIF('Sprint Backlog'!B:B,"Sprint 02",'Sprint Backlog'!F:F) -> 242
A9: Sprint 03 | B9: 9 – 10 | C9: 22/11/2026 | D9: 05/12/2026 | E9: Thanh toán, ký điện tử & hoàn thiện: bảng thanh toán đủ vòng đời, ký điện tử mô phỏng bất đồng bộ, ký HĐ/phụ lục, chấm dứt/gia hạn HĐ, mở khóa kỳ, import Excel khu vực, các màn tra cứu, AI Agent, test E2E & deploy. | F9: Bản hoàn chỉnh (demo 5/12): sản lượng đã khóa → lập bảng thanh toán → tính tiền (lưu đơn giá lúc tính) → đối soát → duyệt → gửi ký → callback → Signed → Issued; ký thất bại/hủy → ký lại; bảng điều chỉnh; mở khóa kỳ; chấm dứt, gia hạn HĐ. Chạy trọn 8 bước nghiệp vụ mục 3 của đề, đủ 126/126 user story, test mục 5.5 pass. | G9: =COUNTIFS('Product Backlog'!H:H,"Sprint 03",'Product Backlog'!I:I,"US-*") -> 57 | H9: =COUNTIF('Sprint Backlog'!B:B,"Sprint 03") -> 60 | I9: =SUMIF('Sprint Backlog'!B:B,"Sprint 03",'Sprint Backlog'!F:F) -> 251
A10: Tổng | G10: =SUM(G7:G9) -> 126 | H10: =SUM(H7:H9) -> 190 | I10: =SUM(I7:I9) -> 743
A13: 2. PHÂN CÔNG CHÍNH THEO SPRINT
A14: Thành viên | B14: Module spec | D14: Sprint 01 | F14: Sprint 02 / Sprint 03 | G14: Giờ S1 | H14: Giờ S2 | I14: Giờ S3
A15: Xuân | B15: Leader · Bảng giá | D15: UC chung, UI toàn hệ thống, dựng FE theo UI, review & ghép nối với từng bạn | F15: S2: báo giá, cập nhật UI · S3: AI Agent, deploy, nghiệm thu cùng từng bạn | G15: =SUMIFS('Sprint Backlog'!F:F,'Sprint Backlog'!E:E,"Xuân",'Sprint Backlog'!B:B,"Sprint 01") -> 28 | H15: =SUMIFS('Sprint Backlog'!F:F,'Sprint Backlog'!E:E,"Xuân",'Sprint Backlog'!B:B,"Sprint 02") -> 33 | I15: =SUMIFS('Sprint Backlog'!F:F,'Sprint Backlog'!E:E,"Xuân",'Sprint Backlog'!B:B,"Sprint 03") -> 31
A16: Hiếu | B16: Khách hàng | D16: Đặc tả + code khách hàng: tạo/sửa/tìm/xem, tạm ngưng/kích hoạt | F16: S2: người liên hệ, đổi MST, hiệu lực & phiên bản bảng giá · S3: tra cứu, điều chỉnh/hủy bảng thanh toán, kết thúc hiệu lực bảng giá | G16: =SUMIFS('Sprint Backlog'!F:F,'Sprint Backlog'!E:E,"Hiếu",'Sprint Backlog'!B:B,"Sprint 01") -> 35 | H16: =SUMIFS('Sprint Backlog'!F:F,'Sprint Backlog'!E:E,"Hiếu",'Sprint Backlog'!B:B,"Sprint 02") -> 33 | I16: =SUMIFS('Sprint Backlog'!F:F,'Sprint Backlog'!E:E,"Hiếu",'Sprint Backlog'!B:B,"Sprint 03") -> 36
A17: Minh | B17: Sản lượng | D17: Đặc tả CTR-04..06; đăng nhập/phân quyền/audit log; rà soát & duyệt HĐ 3 cấp | F17: S2: ghi nhận, điều chỉnh, khóa kỳ, tra cứu sản lượng · S3: mở khóa kỳ, duyệt & phát hành bảng thanh toán, chốt sản lượng khi chấm dứt HĐ | G17: =SUMIFS('Sprint Backlog'!F:F,'Sprint Backlog'!E:E,"Minh",'Sprint Backlog'!B:B,"Sprint 01") -> 35 | H17: =SUMIFS('Sprint Backlog'!F:F,'Sprint Backlog'!E:E,"Minh",'Sprint Backlog'!B:B,"Sprint 02") -> 35 | I17: =SUMIFS('Sprint Backlog'!F:F,'Sprint Backlog'!E:E,"Minh",'Sprint Backlog'!B:B,"Sprint 03") -> 37
A18: Đan Anh | B18: Thanh toán | D18: Đặc tả APR-06, 09; ERD; khung FE + component; danh mục; tiến độ duyệt | F18: S2: bảng giá nháp/duyệt, Notification · S3: lập, tính tiền, đối soát bảng thanh toán | G18: =SUMIFS('Sprint Backlog'!F:F,'Sprint Backlog'!E:E,"Đan Anh",'Sprint Backlog'!B:B,"Sprint 01") -> 38 | H18: =SUMIFS('Sprint Backlog'!F:F,'Sprint Backlog'!E:E,"Đan Anh",'Sprint Backlog'!B:B,"Sprint 02") -> 33 | I18: =SUMIFS('Sprint Backlog'!F:F,'Sprint Backlog'!E:E,"Đan Anh",'Sprint Backlog'!B:B,"Sprint 03") -> 35
A19: Tuấn | B19: Khu vực | D19: Đặc tả + code khu vực 3 cấp; test plan, test case, kịch bản demo | F19: S2: vận hành khu vực, regression · S3: import Excel, tra cứu theo KV, gia hạn HĐ, test E2E | G19: =SUMIFS('Sprint Backlog'!F:F,'Sprint Backlog'!E:E,"Tuấn",'Sprint Backlog'!B:B,"Sprint 01") -> 38 | H19: =SUMIFS('Sprint Backlog'!F:F,'Sprint Backlog'!E:E,"Tuấn",'Sprint Backlog'!B:B,"Sprint 02") -> 33 | I19: =SUMIFS('Sprint Backlog'!F:F,'Sprint Backlog'!E:E,"Tuấn",'Sprint Backlog'!B:B,"Sprint 03") -> 37
A20: Lộc | B20: Phê duyệt, ký điện tử | D20: Đặc tả APR; khung dự án .NET + Supabase + GitHub; workflow engine | F20: S2: rút/hủy, chuyển người duyệt, Outbox, thiết kế E-Sign · S3: ký điện tử đầy đủ + retry | G20: =SUMIFS('Sprint Backlog'!F:F,'Sprint Backlog'!E:E,"Lộc",'Sprint Backlog'!B:B,"Sprint 01") -> 38 | H20: =SUMIFS('Sprint Backlog'!F:F,'Sprint Backlog'!E:E,"Lộc",'Sprint Backlog'!B:B,"Sprint 02") -> 38 | I20: =SUMIFS('Sprint Backlog'!F:F,'Sprint Backlog'!E:E,"Lộc",'Sprint Backlog'!B:B,"Sprint 03") -> 38
A21: Phong | B21: Hợp đồng | D21: Đặc tả + code hợp đồng: tạo, danh sách, trình duyệt, sửa, hủy nháp | F21: S2: phụ lục, lưu trữ & hiệu lực, job theo ngày · S3: ký HĐ/phụ lục, hủy ngang, chấm dứt, bàn giao sau ký | G21: =SUMIFS('Sprint Backlog'!F:F,'Sprint Backlog'!E:E,"Phong",'Sprint Backlog'!B:B,"Sprint 01") -> 38 | H21: =SUMIFS('Sprint Backlog'!F:F,'Sprint Backlog'!E:E,"Phong",'Sprint Backlog'!B:B,"Sprint 02") -> 37 | I21: =SUMIFS('Sprint Backlog'!F:F,'Sprint Backlog'!E:E,"Phong",'Sprint Backlog'!B:B,"Sprint 03") -> 37

Sheet Product Backlog
A1: PRODUCT BACKLOG
A3: Danh sách yêu cầu của sản phẩm
A5: Mã | B5: Nhóm chức năng | C5: Mô tả User Story | D5: Kết quả mong đợi / Điều kiện nghiệm thu | E5: Ưu tiên | F5: Độ lớn (SP) | G5: Trạng thái | H5: Sprint dự kiến | I5: Ghi chú
A6: PB-01 | B6: Nền tảng kỹ thuật | C6: Là nhóm phát triển, chúng tôi cần ERD, UI Figma toàn hệ thống, khung dự án .NET Web API + PostgreSQL (Supabase) + Front-end và repo có CI để mọi module phát triển trên cùng một nền. | D6: ERD và UI Figma đủ màn hình các module; repo GitHub có nhánh main/develop, Pull Request bắt buộc review; CI build + test chạy xanh; kết nối Supabase; Swagger hiển thị toàn bộ API; FE có layout, menu theo quyền, component dùng chung. | E6: Cao | F6: 8 | G6: Sẵn sàng | H6: Sprint 01 | I6: Hạng mục nền tảng (Đề mục 6); Phụ trách: Lộc (khung BE, repo), Đan Anh (ERD, khung FE), Xuân (UI Figma)
A7: PB-02 | B7: Tài khoản & phân quyền | C7: Là người dùng, tôi muốn đăng nhập và chỉ thấy/thao tác được chức năng đúng vai trò, phòng ban của mình. | D7: Đăng nhập JWT, đăng xuất, sai thông tin báo lỗi rõ; QTHT tạo người dùng, gán phòng ban (Kinh doanh, Khai thác, Kế toán, Pháp chế, BGĐ, QTHT) và vai trò; API trả 403 khi thiếu quyền; menu ẩn theo quyền. | E7: Cao | F7: 8 | G7: Sẵn sàng | H7: Sprint 01 | I7: Hạng mục nền tảng (Đề mục 2); Phụ trách: Minh
A8: PB-03 | B8: Nhật ký & truy vết | C8: Là người quản lý, tôi muốn mọi thay đổi quan trọng được tự động ghi vết. | D8: Mỗi thao tác ghi: ai, thời điểm, hành động, trạng thái trước/sau, ghi chú; audit_log chỉ thêm, không sửa/xóa; lưu snapshot JSON, không phụ thuộc dữ liệu hiển thị hiện tại. | E8: Cao | F8: 5 | G8: Sẵn sàng | H8: Sprint 01 | I8: Hạng mục nền tảng (Đề mục 4.10); Phụ trách: Minh
A9: PB-04 | B9: Danh mục dùng chung | C9: Là QTHT, tôi muốn khai báo danh mục dịch vụ, nhóm dịch vụ, đơn vị tính, thuế suất. | D9: CRUD danh mục; danh mục đã được dùng chỉ ngưng, không xóa; seed sẵn dịch vụ mẫu (bốc dỡ, lưu bãi container, vận chuyển, lưu kho) với đơn vị container/tấn/chuyến/ngày. | E9: Cao | F9: 5 | G9: Sẵn sàng | H9: Sprint 01 | I9: Hạng mục nền tảng (Đề mục 4.4, 4.5); Phụ trách: Đan Anh
A10: PB-05 | B10: Khách hàng | C10: Là một Nhân viên Kinh doanh, tôi muốn tạo hồ sơ khách hàng đầy đủ và không trùng với hồ sơ đã có để sử dụng đúng thông tin khi lập hợp đồng và thực hiện các nghiệp vụ liên quan. | D10: • Chỉ nhân viên được giao quyền tạo khách hàng mới được thực hiện thao tác. • Nhân viên nhập được tên khách hàng, mã số thuế, địa chỉ, người đại diện và thông tin liên hệ. Tên, mã số thuế, địa chỉ và người đại diện là thông tin… • Khi đã có khách hàng phù hợp, hệ thống không tạo thêm hồ sơ và cho phép người có quyền mở hồ sơ hiện có. Nếu khách hàng đang Suspended thì việc hợp… (+5 AC khác trong file user story) | E10: Cao | F10: 5 | G10: Sẵn sàng | H10: Sprint 01 | I10: US-CUS-01 – Tạo hồ sơ khách hàng Phụ trách: Hiếu
A11: PB-06 | B11: Khách hàng | C11: Là một Nhân viên Kinh doanh, tôi muốn cập nhật thông tin khách hàng thuộc phạm vi được giao để hồ sơ phản ánh đúng thông tin hiện tại và truy vết được các thay đổi. | D11: • Chỉ người được giao quyền cập nhật và có quyền trên khách hàng được chọn mới được lưu thay đổi. • Trước khi sửa, nhân viên xem được mã khách hàng, mã số thuế và thông tin hiện tại để xác định đúng hồ sơ. • Nhân viên có thể cập nhật tên, địa chỉ, người đại diện và thông tin liên hệ. Mã khách hàng không được thay đổi. Thay đổi mã số thuế được xử lý theo… (+5 AC khác trong file user story) | E11: Cao | F11: 5 | G11: Sẵn sàng | H11: Sprint 01 | I11: US-CUS-02 – Cập nhật thông tin khách hàng Phụ trách: Hiếu
A12: PB-07 | B12: Khách hàng | C12: Là một Nhân viên Kinh doanh, tôi muốn tìm khách hàng theo mã, tên, mã số thuế và trạng thái để xác định đúng khách hàng trước khi làm việc. | D12: • Nhân viên chỉ nhận được kết quả khách hàng trong phạm vi được phép tiếp cận. • Có thể tìm theo mã khách hàng, tên hoặc mã số thuế và lọc Active, Suspended hoặc cả hai trạng thái. • Kết quả hiển thị mã khách hàng, tên, mã số thuế và trạng thái để phân biệt các khách hàng có tên tương tự. (+3 AC khác trong file user story) | E12: Cao | F12: 3 | G12: Sẵn sàng | H12: Sprint 01 | I12: US-CUS-06 – Tìm khách hàng phục vụ công việc Kinh doanh Phụ trách: Hiếu
A13: PB-08 | B13: Khách hàng | C13: Là một Nhân viên Kinh doanh, tôi muốn xem thông tin, đầu mối liên hệ và hồ sơ liên quan của khách hàng để chuẩn bị giao dịch dựa trên đúng bối cảnh hợp tác. | D13: • Nhân viên xem được thông tin nhận diện, người đại diện, đầu mối liên hệ và trạng thái hợp tác của khách hàng được phép truy cập. • Từ hồ sơ khách hàng, nhân viên xem được các hợp đồng, bảng giá và bảng thanh toán liên quan trong phạm vi được phân quyền. • Quyền xem khách hàng không tự cấp quyền xem mọi hồ sơ liên quan. Hồ sơ ngoài phạm vi không được mở, kể cả khi truy cập bằng đường dẫn trực tiếp. (+6 AC khác trong file user story) | E13: Cao | F13: 5 | G13: Sẵn sàng | H13: Sprint 01 | I13: US-CUS-07 – Xem thông tin và hồ sơ khách hàng để chuẩn bị giao dịch Phụ trách: Hiếu
A14: PB-09 | B14: Khách hàng | C14: Là một Nhân viên hoặc Trưởng phòng Kinh doanh được giao thẩm quyền, tôi muốn tạm ngưng khách hàng sau khi xác định cách xử lý công việc đang có để ngăn giao dịch cung cấp dịch vụ mới và giữ được hồ sơ cần hoàn tất. | D14: • Chỉ người được giao thẩm quyền tạm ngưng mới được xác nhận quyết định và chuyển khách hàng sang Suspended. • Khách hàng phải đang Active và có lý do tạm ngưng. Thiếu lý do hoặc chưa xác nhận thì khách hàng giữ Active. • Khách hàng Suspended vẫn được hoàn thiện, lập lại hoặc điều chỉnh bảng thanh toán cho phần dịch vụ đáp ứng US-CUS-16. Việc lập hồ sơ này không yêu… (+9 AC khác trong file user story) | E14: Cao | F14: 8 | G14: Sẵn sàng | H14: Sprint 01 | I14: US-CUS-04 – Tạm ngưng giao dịch với khách hàng Phụ trách: Hiếu
A15: PB-10 | B15: Khách hàng | C15: Là một Trưởng phòng Kinh doanh được giao thẩm quyền, tôi muốn kích hoạt lại khách hàng đã tạm ngưng sau khi xem xét lý do và thông tin hợp tác trở lại để tiếp tục giao dịch trên hồ sơ khách hàng hiện có. | D15: • Chỉ Trưởng phòng Kinh doanh hoặc người được giao quyền tương đương mới được xác nhận kích hoạt lại. • Khách hàng phải đang Suspended. Không tạo một khách hàng mới để thay cho hồ sơ đang tạm ngưng. • Hoàn thiện hồ sơ tính phí theo US-CUS-16 không yêu cầu kích hoạt lại khách hàng. Tiếp nhận giao dịch cung cấp dịch vụ mới vẫn phải đáp ứng trạng… (+7 AC khác trong file user story) | E15: Cao | F15: 8 | G15: Sẵn sàng | H15: Sprint 01 | I15: US-CUS-05 – Kích hoạt lại khách hàng để tiếp tục giao dịch Phụ trách: Hiếu
A16: PB-11 | B16: Khu vực khai thác | C16: Là một Trưởng phòng Khai thác, tôi muốn tạo hồ sơ khu vực khai thác đầy đủ thông số kỹ thuật và không trùng với hồ sơ đã có, để sử dụng đúng thông tin khi lập bảng giá dịch vụ và ghi nhận sản lượng khai thác thực tế. | D16: • Theo quy tắc ARE-01, mã khu vực là duy nhất trong toàn công ty, gồm các ký tự viết hoa và chữ số không dấu (ví dụ: KV-CANG-A, KV-BEN-01), không trùng… • Theo quy tắc ARE-02, tên khu vực không được trùng với các khu vực khác có cùng khu vực cấp cha trực tiếp (ParentAreaId). • Khi lưu thành công, khu vực được cấp mã duy nhất và ở trạng thái Active. Người tạo, thời điểm tạo và toàn bộ thông tin ban đầu được ghi nhận vào nhật… (+5 AC khác trong file user story) | E16: Cao | F16: 5 | G16: Sẵn sàng | H16: Sprint 01 | I16: US-ARE-01 – Tạo hồ sơ khu vực khai thác Phụ trách: Tuấn
A17: PB-12 | B17: Khu vực khai thác | C17: Là một Trưởng phòng Khai thác, tôi muốn định vị và gắn kết khu vực mới vào đúng vị trí trên sơ đồ phân cấp mặt bằng cảng, để tổ chức cấu trúc không gian khoa học và phục vụ tổng hợp sản lượng theo từng cấp bến bãi. | D17: • Người thực hiện có thể chọn khu vực cấp cha từ sơ đồ phân cấp mặt bằng cảng. • Theo quy tắc ARE-03, cấu trúc phân cấp mặt bằng tổ chức tối đa 3 cấp logic: Cấp 1 (Cảng biển / Cụm ICD) → Cấp 2 (Bãi / Kho / Cầu bến chính) → Cấp 3… • Khi chọn khu vực cha, cấu trúc phân cấp được kiểm tra độ sâu. Nếu khu vực cha đã ở cấp 3, không cho phép tạo phân khu con cấp 4 và chỉ rõ giới hạn số… (+3 AC khác trong file user story) | E17: Cao | F17: 3 | G17: Sẵn sàng | H17: Sprint 01 | I17: US-ARE-02 – Thiết lập cấu trúc phân cấp mặt bằng cảng Phụ trách: Tuấn
... A141: PB-136 | B141: Kiểm thử & phát hành | C141: Sản phẩm cuối chạy toàn trình và test được hết. | D141: 8 bước nghiệp vụ mục 3 chạy E2E; test mục 5.5 (double submit, race condition, mất event, phân quyền ngữ cảnh) pass; không còn bug mức cao; tài liệu hướng dẫn + bản deploy. | E141: Cao | F141: 5 | G141: Mới | H141: Sprint 03 | I141: Hạng mục nền tảng; Phụ trách: Tuấn, Xuân

Sheet Sprint Backlog
A1: SPRINT BACKLOG
A3: Các đầu việc nhóm cam kết thực hiện trong Sprint Cập nhật tiến độ hằng ngày
A5: Mã việc | B5: Sprint | C5: Liên kết PB | D5: Công việc cần làm | E5: Người thực hiện | F5: Ước tính (giờ) | G5: Đã làm (giờ) | H5: Còn lại (giờ) | I5: Trạng thái | J5: Vướng mắc / Ghi chú
A6: TASK-001 | B6: Sprint 01 | C6: PB-01 | D6: [QL] Sprint Planning S1, chốt Definition of Done, quy ước nhánh & Pull Request | E6: Xuân | F6: 2 | G6: 0 | H6: =IF(F6="","",MAX(0,F6-G6)) -> 2 | I6: Hoàn tất | J6: 27/10–29/10 (tuần 5)
A7: TASK-002 | B7: Sprint 01 | C7: PB-02 | D7: [Spec] Đặc tả hệ thống UC chung: đăng nhập, xác thực, đăng xuất | E7: Xuân | F7: 2 | G7: 0 | H7: =IF(F7="","",MAX(0,F7-G7)) -> 2 | I7: Hoàn tất | J7: 27/10–29/10 (tuần 5)
A8: TASK-003 | B8: Sprint 01 | C8: PB-01 | D8: [Design] Vẽ UI Figma toàn hệ thống: design system, layout, màn hình các module | E8: Xuân | F8: 11 | G8: 0 | H8: =IF(F8="","",MAX(0,F8-G8)) -> 11 | I8: Chưa bắt đầu | J8: 29/10–31/10 (tuần 5)
A9: TASK-004 | B9: Sprint 01 | C9: PB-32 | D9: [QL] Code review PR, Sprint Review & Retro S1 | E9: Xuân | F9: 4 | G9: 0 | H9: =IF(F9="","",MAX(0,F9-G9)) -> 4 | I9: Chưa bắt đầu | J9: 2/11–7/11 (tuần 6)
A10: TASK-005 | B10: Sprint 01 | C10: PB-02 | D10: [Cùng Minh] Review đăng nhập JWT / phân quyền theo đặc tả UC chung | E10: Xuân | F10: 2 | G10: 0 | H10: =IF(F10="","",MAX(0,F10-G10)) -> 2 | I10: Chưa bắt đầu | J10: 31/10–2/11 (tuần 5)
A11: TASK-006 | B11: Sprint 01 | C11: PB-01 | D11: [Cùng Lộc] Review khung dự án + mô hình workflow engine | E11: Xuân | F11: 2 | G11: 0 | H11: =IF(F11="","",MAX(0,F11-G11)) -> 2 | I11: Chưa bắt đầu | J11: 29/10–31/10 (tuần 5)
A12: TASK-007 | B12: Sprint 01 | C12: PB-18 – PB-20 | D12: [Cùng Phong] Ghép HĐ ↔ workflow engine (submit → callback trạng thái) | E12: Xuân | F12: 2 | G12: 0 | H12: =IF(F12="","",MAX(0,F12-G12)) -> 2 | I12: Chưa bắt đầu | J12: 2/11–7/11 (tuần 6)
A13: TASK-008 | B13: Sprint 01 | C13: PB-05 – PB-08 | D13: [Cùng Hiếu] API test khách hàng (Postman) | E13: Xuân | F13: 1 | G13: 0 | H13: =IF(F13="","",MAX(0,F13-G13)) -> 1 | I13: Chưa bắt đầu | J13: 2/11–7/11 (tuần 6)
A14: TASK-009 | B14: Sprint 01 | C14: PB-32 | D14: [Cùng Tuấn] Duyệt test plan + kịch bản demo MVP1 | E14: Xuân | F14: 1 | G14: 0 | H14: =IF(F14="","",MAX(0,F14-G14)) -> 1 | I14: Chưa bắt đầu | J14: 2/11–7/11 (tuần 6)
A15: TASK-010 | B15: Sprint 01 | C15: PB-01 | D15: [Cùng Đan Anh] Review ERD | E15: Xuân | F15: 1 | G15: 0 | H15: =IF(F15="","",MAX(0,F15-G15)) -> 1 | I15: Chưa bắt đầu | J15: 29/10–31/10 (tuần 5)
A16: TASK-011 | B16: Sprint 01 | C16: PB-05 – PB-10 | D16: [Spec] Đặc tả hệ thống US-CUS-01, 02, 04, 05, 06, 07 | E16: Hiếu | F16: 3 | G16: 0 | H16: =IF(F16="","",MAX(0,F16-G16)) -> 3 | I16: Hoàn tất | J16: 27/10–29/10 (tuần 5)
A17: TASK-012 | B17: Sprint 01 | C17: PB-05 – PB-08 | D17: [Design] Sequence diagram Khách hàng (UI theo Figma chung) | E17: Hiếu | F17: 1 | G17: 0 | H17: =IF(F17="","",MAX(0,F17-G17)) -> 1 | I17: Chưa bắt đầu | J17: 2/11–7/11 (tuần 6)
... A72: TASK-067 | B72: Sprint 01 | C72: PB-18 – PB-20 | D72: [Test] Unit test rule CTR-01..03 | E72: Phong | F72: 2 | G72: 0 | H72: =IF(F72="","",MAX(0,F72-G72)) -> 2 | I72: Chưa bắt đầu | J72: 2/11–7/11 (tuần 6)
A73: TASK-068 | B73: Sprint 02 | C73: PB-50, PB-51 | D73: [QL] Sprint Planning S2, cập nhật backlog, chốt API contract giữa các module | E73: Xuân | F73: 2 | G73: 0 | H73: =IF(F73="","",MAX(0,F73-G73)) -> 2 | I73: Chưa bắt đầu
A74: TASK-069 | B74: Sprint 02 | C74: PB-50, PB-51 | D74: [Design] Cập nhật UI Figma cho chức năng Sprint 2 theo phản hồi demo MVP1 | E74: Xuân | F74: 2 | G74: 0 | H74: =IF(F74="","",MAX(0,F74-G74)) -> 2 | I74: Chưa bắt đầu
A75: TASK-070 | B75: Sprint 02 | C75: PB-50, PB-51 | D75: [BE] API báo giá: lập (kiểm tra KH/HĐ/danh mục/thời gian), gửi, ghi nhận KH xác nhận | E75: Xuân | F75: 6 | G75: 0 | H75: =IF(F75="","",MAX(0,F75-G75)) -> 6 | I75: Chưa bắt đầu
A76: TASK-071 | B76: Sprint 02 | C76: PB-50, PB-51 | D76: [FE] Màn hình báo giá | E76: Xuân | F76: 4 | G76: 0 | H76: =IF(F76="","",MAX(0,F76-G76)) -> 4 | I76: Chưa bắt đầu
A77: TASK-072 | B77: Sprint 02 | C77: PB-77 | D77: [QL] Code review MR, Sprint Review & Retro S2 | E77: Xuân | F77: 4 | G77: 0 | H77: =IF(F77="","",MAX(0,F77-G77)) -> 4 | I77: Chưa bắt đầu
A78: TASK-073 | B78: Sprint 02 | C78: PB-33 – PB-36 | D78: [Cùng Hiếu] API test người liên hệ & phiên bản bảng giá | E78: Xuân | F78: 2 | G78: 0 | H78: =IF(F78="","",MAX(0,F78-G78)) -> 2 | I78: Chưa bắt đầu
A79: TASK-074 | B79: Sprint 02 | C79: PB-49 | D79: [Cùng Lộc] Idempotency-Key middleware dùng chung + unique constraint lượt duyệt đang chạy | E79: Xuân | F79: 3 | G79: 0 | H79: =IF(F79="","",MAX(0,F79-G79)) -> 3 | I79: Chưa bắt đầu
A80: TASK-075 | B80: Sprint 02 | C80: PB-52, PB-53 | D80: [Cùng Đan Anh] Query kiểm tra chồng thời gian bảng giá (index, ràng buộc DB) | E80: Xuân | F80: 2 | G80: 0 | H80: =IF(F80="","",MAX(0,F80-G80)) -> 2 | I80: Chưa bắt đầu
A81: TASK-076 | B81: Sprint 02 | C81: PB-39 – PB-44 | D81: [Cùng Phong] Cấu hình luồng duyệt phụ lục trên engine + review MR | E81: Xuân | F81: 2 | G81: 0 | H81: =IF(F81="","",MAX(0,F81-G81)) -> 2 | I81: Chưa bắt đầu
A82: TASK-077 | B82: Sprint 02 | C82: PB-63 – PB-67 | D82: [Cùng Tuấn] API kiểm tra quyền ghi nhận theo phân công khu vực + regression MVP1 | E82: Xuân | F82: 2 | G82: 0 | H82: =IF(F82="","",MAX(0,F82-G82)) -> 2 | I82: Chưa bắt đầu
A83: TASK-078 | B83: Sprint 02 | C83: PB-72 – PB-76 | D83: [Cùng Minh] Unit test khóa kỳ & điều chỉnh sản lượng | E83: Xuân | F83: 2 | G83: 0 | H83: =IF(F83="","",MAX(0,F83-G83)) -> 2 | I83: Chưa bắt đầu
A84: TASK-079 | B84: Sprint 02 | C84: PB-33 – PB-36 | D84: [DB+BE] Người liên hệ: thêm/sửa/ngưng, duy nhất 1 liên hệ chính | E84: Hiếu | F84: 6 | G84: 0 | H84: =IF(F84="","",MAX(0,F84-G84)) -> 6 | I84: Chưa bắt đầu
... A195: TASK-190 | B195: Sprint 03 | C195: PB-111 – PB-115 | D195: [Test] Unit test CTR-05..07 & luồng chấm dứt | E195: Phong | F195: 1 | G195: 0 | H195: =IF(F195="","",MAX(0,F195-G195)) -> 1 | I195: Chưa bắt đầu

Sheet Sprint plan 01 - tuần 1
A1: Tuần | B1: Ngày | C1: Nhóm công việc | D1: Công việc | E1: Người phụ trách | F1: Mức độ hoàn thành công việc | G1: Note công việc
A2: 5 | B2: 25/10 - 27/10 | C2: User Story Acceptance Criteria | D2: quản lý khách hàng | E2: Hiếu | F2: 1
D3: quản lý bảng giá | E3: Xuân | F3: 1
D4: ghi nhận sản lượng | E4: Minh | F4: 1
D5: lập/quản lý thanh toán | E5: Đan Anh | F5: 1
D6: quản lí khu vực | E6: Tuấn | F6: 1
D7: thực hiện phê duyệt, ký điện tử | E7: Lộc | F7: 1
D8: quản lí hợp đồng | E8: Phong | F8: 1
B9: 27/10 - 29/10 | C9: Viết đặc tả hệ thống | D9: US-CUS-01 Tạo hồ sơ khách hàng US-CUS-02 Cập nhật thông tin khách hàng US-CUS-04 Tạm ngưng giao dịch với khách hàng US-CUS-05 Kích hoạt lại khách hàng để tiếp tục giao dịch US-CUS-06 Tìm khách hàng phục vụ công việc Kinh doanh US-CUS-07 Xem thông tin và hồ sơ khách hàng để chuẩn bị giao dịch | E9: Hiếu
D10: US-ARE-01 Tạo hồ sơ khu vực khai thác US-ARE-02 Thiết lập cấu trúc phân cấp mặt bằng cảng US-ARE-04 Cập nhật thông tin và quy chuẩn kỹ thuật khu vực US-ARE-12 Tra cứu danh sách và tìm kiếm khu vực khai thác US-ARE-13 Xem hồ sơ chi tiết và thông tin liên kết của khu vực | E10: Tuấn
D11: US-CTR-01 Tạo hồ sơ hợp đồng US-CTR-02 Xem danh sách và thông tin hợp đồng theo quyền hạn US-CTR-03 Trình duyệt hợp đồng US-CTR-16 Chỉnh sửa hồ sơ hợp đồng (Sprint 1 chỉ làm phần hợp đồng; phần phụ lục làm ở Sprint 2) US-CTR-18 Hủy hồ sơ dự thảo | E11: Phong
D12: US-CTR-04 Rà soát hợp đồng ở cấp Trưởng phòng Kinh doanh US-CTR-05 Rà soát pháp lý hợp đồng US-CTR-06 Phê duyệt hợp đồng ở cấp Ban Giám đốc | E12: Minh | G12: 2 phần này liên quan đến nhau nên cần hỗ trợ nhau làm
D13: US-APR-01 Trình hồ sơ theo quy trình phê duyệt US-APR-02 Xem xét và chấp thuận bước duyệt được giao US-APR-03 Yêu cầu chỉnh sửa hồ sơ đang duyệt US-APR-04 Từ chối hồ sơ được giao xem xét US-APR-05 Hoàn tất phê duyệt và chuyển nghiệp vụ kế tiếp US-APR-10 Cấu hình quy trình phê duyệt theo loại hồ sơ | E13: Lộc
D14: Các UC chung: đăng nhập, xác thực, đăng xuất | E14: Xuân
D15: US-APR-06 Theo dõi tiến độ phê duyệt hồ sơ US-APR-09 Tra cứu lịch sử xử lý phê duyệt | E15: Đan Anh
B16: 29/10 - 31/10 | C16: Vẽ UI | D16: full use case | E16: Xuân
C17: Xây khung dự án | D17: khung dự án .NET + supabase + github | E17: Lộc
C18: ERD | D18: Vẽ ERD | E18: Đan Anh
B19: 31/10 - 2/11 | C19: FE | D19: full use case | E19: Xuân
